{"metadata":{"asset_id":"b8b6528e-f026-4e36-ae7d-3445d1431331","asset_attributes":["data_asset","location_definition"],"name":"auto_insurance_claim_summarization_validation_data.csv","asset_type":"data_asset","created_at":"2024-02-29T02:07:52Z","origin_country":"us","owner_id":"IBMid-6940001RPM","project_id":"4cb5310f-722b-4b2e-890f-ccbb579141fc","size":8657,"usage":{"last_update_time":1709172472748,"last_updated_at":"2024-02-29T02:07:52Z"}},"entity":{"data_asset":{"mime_type":"text/csv","dataset":false},"location_definition":{"physical_location_code":"DAL","physical_location_code_assigned_by":"IBMid-6940001RPM","physical_location_code_rds_id":"c57cb90f-2126-3800-9c9f-9eab82021cdf","physical_location_code_rds_version":"00002023-1124-4020-8630-229035000000_4","physical_location_code_assignment_method":"INFERRED","physical_location_code_added_on":"1709171866550"}},"attachments":[{"id":"fd5025e0-9c65-4fa6-a1e4-704c0b910753","version":2,"asset_type":"data_asset","name":"auto_insurance_claim_summarization_validation_data.csv","mime":"text/csv","datasource_type":"193a97c1-4475-4a19-b90c-295c4fdc6517","object_key":"auto_insurance_claim_summarization_validation_data.csv","creator_id":"iam-ServiceId-f49c5558-c247-4983-a04f-7d3c7a3d55da","create_time":1709172472635,"size":8657,"is_remote":false,"is_managed":false,"is_referenced":true,"is_object_key_read_only":true,"is_user_provided_path_key":true,"transfer_complete":true,"is_partitioned":false,"complete_time_ticks":1709172472635,"user_data":{},"test_doc":0,"handle":{"bucket":"project01autoinsuranceclaimsummar-donotdelete-pr-fitjebsqxdwstj","location":"us-south","type":"bluemix_cos","key":"auto_insurance_claim_summarization_validation_data.csv","upload_id":"done","max_part_num":1},"usage":{"access_count":0,"last_accessor_id":"iam-ServiceId-f49c5558-c247-4983-a04f-7d3c7a3d55da","last_access_time":1709172472635}}]}
