{"metadata":{"asset_id":"36e0a734-cedb-40d7-93a1-b942c444b968","asset_attributes":["wx_prompt","location_definition","modelfacts_system","modelfacts_user"],"name":"Auto Insurance Claim Summarization","asset_type":"wx_prompt","created_at":"2024-02-29T02:07:52Z","description":"To summarize auto insurance claims to speed up claim processing.","origin_country":"us","owner_id":"IBMid-6940001RPM","project_id":"4cb5310f-722b-4b2e-890f-ccbb579141fc","size":526,"usage":{"last_update_time":1709204612918,"last_updated_at":"2024-02-29T11:03:32Z"},"resource_key":"e1f9002dbd3da61bfd4af64d0df20b93a15a1238f3c11507c3c8059001ed310c"},"entity":{"wx_prompt":{"input_mode":"structured","task_ids":["summarization"],"is_template":true,"prompt_variables":{"input":{"default_value":"On November 1st, 2023, at 11:00 am, my vehicle, a 2004 Honda Civic, was stolen from its parking spot in Lagos. I immediately reported the incident to the police and obtained a police report. The thief crashed my vehicle into a tree a few blocks away from the parking spot, causing significant damage to the front end. I have filed a claim for the damages and I am providing the police report as evidence of the theft and accident. The witnesses have also provided statements describing the incident."}},"model_version":{"number":"0.0.1","tag":"00000000-0000-0000-0000-000000000000","description":""},"locked_by":"IBMid-6940001RPM","lock_type":"governance","governance_tracked":true},"location_definition":{"physical_location_code":"DAL","physical_location_code_assigned_by":"IBMid-6940001RPM","physical_location_code_rds_id":"c57cb90f-2126-3800-9c9f-9eab82021cdf","physical_location_code_rds_version":"00002023-1124-4020-8630-229035000000_4","physical_location_code_assignment_method":"INFERRED","physical_location_code_added_on":"1709171866550"},"modelfacts_system":{"model_information":{"input_type":"unstructured_text","prediction_type":"summarization"},"training_information":{},"project_details":{"environment_type":"development","is_environmenttype_openscale_value":true,"id":"4cb5310f-722b-4b2e-890f-ccbb579141fc"},"model_identity_information":{"master_id":"e1f9002dbd3da61bfd4af64d0df20b93a15a1238f3c11507c3c8059001ed310c","model_identity_key":"e1f9002dbd3da61bfd4af64d0df20b93a15a1238f3c11507c3c8059001ed310c"},"deployment_details":[{"id":"69079490-1bec-4290-8ee8-a4a30fded9e6","openscale_details":{"href":"https://aiopenscale.cloud.ibm.com/aiopenscale/insights/4044245a-8359-4fb2-a8c4-97dff65c737a","service_instance_id":"0c7342d6-4991-4e42-9f22-e789f90d08d9","subscription_id":"4044245a-8359-4fb2-a8c4-97dff65c737a","service_provider":{"id":"c152bfa6-415e-4647-8afe-5c37e412310c","type":"watson_machine_learning","name":"PROJECT_4cb5310f-722b-4b2e-890f-ccbb579141fc","environment_type":"development"},"bss_account_id":"80de3001842a4c4a8da66f753569439d","data_sources":[{"type":"feedback","is_internal_database":true},{"type":"payload_logging","is_internal_database":true}],"evaluation_details":{"evaluated_by":"IBMid-6940001RPM","evaluation_date":"2024-02-29T10:38:34.285000Z","evaluation_id":"7e201c99-0622-47f3-b7a2-c3087ed4a1ce","asset":{"name":"auto_insurance_claim_summarization_validation_data.csv","type":"CSV"}}},"evaluation_details":{"evaluated_by":"IBMid-6940001RPM","evaluation_date":"2024-02-29T10:38:34.285000Z","evaluation_id":"7e201c99-0622-47f3-b7a2-c3087ed4a1ce","asset":{"name":"auto_insurance_claim_summarization_validation_data.csv","type":"CSV"},"pta_resource_key":"e1f9002dbd3da61bfd4af64d0df20b93a15a1238f3c11507c3c8059001ed310c","openscale_instance_href":"https://aiopenscale.cloud.ibm.com/aiopenscale/insights/4044245a-8359-4fb2-a8c4-97dff65c737a"},"model_health":{"metrics":[{"id":"total_records","name":"Total records","value":10},{"id":"maximum_record_throughput","name":"Maximum record throughput","value":1.129},{"id":"median_api_throughput","name":"Median API throughput","value":0.321},{"id":"median_input_token_count","name":"Median input token count","value":198},{"id":"average_output_token_count","name":"Average output token count","value":33.6},{"id":"minimum_api_throughput","name":"Minimum API throughput","value":0.203},{"id":"median_record_latency","name":"Median record latency","value":3205.5},{"id":"minimum_output_token_count","name":"Minimum output token count","value":17},{"id":"users","name":"Users","value":1},{"id":"maximum_api_latency","name":"Maximum API latency","value":4923},{"id":"maximum_api_throughput","name":"Maximum API throughput","value":1.129},{"id":"total_scoring_requests","name":"Total scoring requests","value":10},{"id":"median_records","name":"Median records","value":1},{"id":"median_record_throughput","name":"Median record throughput","value":0.312},{"id":"minimum_api_latency","name":"Minimum API latency","value":886},{"id":"average_input_token_count","name":"Average input token count","value":193.8},{"id":"average_record_throughput","name":"Average record throughput","value":0.335},{"id":"maximum_input_token_count","name":"Maximum input token count","value":220},{"id":"median_output_token_count","name":"Median output token count","value":26},{"id":"total_output_token_count","name":"Total output token count","value":336},{"id":"maximum_records","name":"Maximum records","value":1},{"id":"minimum_record_latency","name":"Minimum record latency","value":886},{"id":"average_record_latency","name":"Average record latency","value":2982.3},{"id":"median_api_latency","name":"Median API latency","value":3111},{"id":"minimum_records","name":"Minimum records","value":1},{"id":"minimum_input_token_count","name":"Minimum input token count","value":158},{"id":"average_api_throughput","name":"Average API throughput","value":0.335},{"id":"maximum_record_latency","name":"Maximum record latency","value":4923},{"id":"average_api_latency","name":"Average API latency","value":2982.3},{"id":"total_input_token_count","name":"Total input token count","value":1938},{"id":"minimum_record_throughput","name":"Minimum record throughput","value":0.203},{"id":"maximum_output_token_count","name":"Maximum output token count","value":53},{"id":"average_records","name":"Average records","value":1}],"href":"https://aiopenscale.cloud.ibm.com/aiopenscale/insights/4044245a-8359-4fb2-a8c4-97dff65c737a","type":"system","evaluation_timestamp":"2024-02-29T10:39:41.003027Z","evaluation_details":{"evaluated_by":"IBMid-6940001RPM","evaluation_date":"2024-02-29T10:38:34.285000Z","evaluation_id":"7e201c99-0622-47f3-b7a2-c3087ed4a1ce","asset":{"name":"auto_insurance_claim_summarization_validation_data.csv","type":"CSV"}}},"generative_ai_quality":{"metrics":[{"id":"flesch_reading_ease","name":"Readability","value":52.514,"lower_limit":50,"breach_status":"GREEN","href":"https://aiopenscale.cloud.ibm.com/aiopenscale/insights/4044245a-8359-4fb2-a8c4-97dff65c737a/generative_ai_quality","tags":[{"id":"computed_on","value":"feedback"},{"id":"field_type","value":"subscription"}],"threshold_violation":"N/A"},{"id":"normalized_recall","name":"Recall","value":0.8615,"lower_limit":0.8,"breach_status":"GREEN","href":"https://aiopenscale.cloud.ibm.com/aiopenscale/insights/4044245a-8359-4fb2-a8c4-97dff65c737a/generative_ai_quality","tags":[{"id":"computed_on","value":"feedback"},{"id":"field_type","value":"subscription"}],"threshold_violation":"N/A"},{"id":"hap_input_score","name":"Input data HAP","value":0,"upper_limit":0,"breach_status":"GREEN","href":"https://aiopenscale.cloud.ibm.com/aiopenscale/insights/4044245a-8359-4fb2-a8c4-97dff65c737a/generative_ai_quality","tags":[{"id":"computed_on","value":"feedback"},{"id":"field_type","value":"subscription"}],"threshold_violation":"N/A"},{"id":"rouge2","name":"ROUGE-2","value":0.8267,"lower_limit":0.8,"breach_status":"GREEN","href":"https://aiopenscale.cloud.ibm.com/aiopenscale/insights/4044245a-8359-4fb2-a8c4-97dff65c737a/generative_ai_quality","tags":[{"id":"computed_on","value":"feedback"},{"id":"field_type","value":"subscription"}],"threshold_violation":"N/A"},{"id":"jaccard_similarity","name":"Jaccard similarity","value":0.8417,"lower_limit":0.8,"breach_status":"GREEN","href":"https://aiopenscale.cloud.ibm.com/aiopenscale/insights/4044245a-8359-4fb2-a8c4-97dff65c737a/generative_ai_quality","tags":[{"id":"computed_on","value":"feedback"},{"id":"field_type","value":"subscription"}],"threshold_violation":"N/A"},{"id":"meteor","name":"METEOR","value":0.8671,"lower_limit":0.8,"breach_status":"GREEN","href":"https://aiopenscale.cloud.ibm.com/aiopenscale/insights/4044245a-8359-4fb2-a8c4-97dff65c737a/generative_ai_quality","tags":[{"id":"computed_on","value":"feedback"},{"id":"field_type","value":"subscription"}],"threshold_violation":"N/A"},{"id":"rougelsum","name":"ROUGE-LSum","value":0.8625,"lower_limit":0.8,"breach_status":"GREEN","href":"https://aiopenscale.cloud.ibm.com/aiopenscale/insights/4044245a-8359-4fb2-a8c4-97dff65c737a/generative_ai_quality","tags":[{"id":"computed_on","value":"feedback"},{"id":"field_type","value":"subscription"}],"threshold_violation":"N/A"},{"id":"hap_score","name":"Output data HAP","value":0,"upper_limit":0,"breach_status":"GREEN","href":"https://aiopenscale.cloud.ibm.com/aiopenscale/insights/4044245a-8359-4fb2-a8c4-97dff65c737a/generative_ai_quality","tags":[{"id":"computed_on","value":"feedback"},{"id":"field_type","value":"subscription"}],"threshold_violation":"N/A"},{"id":"pii","name":"Output data PII","value":0,"upper_limit":0,"breach_status":"GREEN","href":"https://aiopenscale.cloud.ibm.com/aiopenscale/insights/4044245a-8359-4fb2-a8c4-97dff65c737a/generative_ai_quality","tags":[{"id":"computed_on","value":"feedback"},{"id":"field_type","value":"subscription"}],"threshold_violation":"N/A"},{"id":"normalized_precision","name":"Precision","value":0.8667,"lower_limit":0.8,"breach_status":"GREEN","href":"https://aiopenscale.cloud.ibm.com/aiopenscale/insights/4044245a-8359-4fb2-a8c4-97dff65c737a/generative_ai_quality","tags":[{"id":"computed_on","value":"feedback"},{"id":"field_type","value":"subscription"}],"threshold_violation":"N/A"},{"id":"bleu","name":"BLEU","value":0.9051,"lower_limit":0.8,"breach_status":"GREEN","href":"https://aiopenscale.cloud.ibm.com/aiopenscale/insights/4044245a-8359-4fb2-a8c4-97dff65c737a/generative_ai_quality","tags":[{"id":"computed_on","value":"feedback"},{"id":"field_type","value":"subscription"}],"threshold_violation":"N/A"},{"id":"normalized_f1","name":"F1 Score","value":0.864,"lower_limit":0.8,"breach_status":"GREEN","href":"https://aiopenscale.cloud.ibm.com/aiopenscale/insights/4044245a-8359-4fb2-a8c4-97dff65c737a/generative_ai_quality","tags":[{"id":"computed_on","value":"feedback"},{"id":"field_type","value":"subscription"}],"threshold_violation":"N/A"},{"id":"rougel","name":"ROUGE-L","value":0.8625,"lower_limit":0.8,"breach_status":"GREEN","href":"https://aiopenscale.cloud.ibm.com/aiopenscale/insights/4044245a-8359-4fb2-a8c4-97dff65c737a/generative_ai_quality","tags":[{"id":"computed_on","value":"feedback"},{"id":"field_type","value":"subscription"}],"threshold_violation":"N/A"},{"id":"sari","name":"SARI","value":86.453,"lower_limit":80,"breach_status":"GREEN","href":"https://aiopenscale.cloud.ibm.com/aiopenscale/insights/4044245a-8359-4fb2-a8c4-97dff65c737a/generative_ai_quality","tags":[{"id":"computed_on","value":"feedback"},{"id":"field_type","value":"subscription"}],"threshold_violation":"N/A"},{"id":"cosine_similarity","name":"Cosine similarity","value":0.8515,"lower_limit":0.8,"breach_status":"GREEN","href":"https://aiopenscale.cloud.ibm.com/aiopenscale/insights/4044245a-8359-4fb2-a8c4-97dff65c737a/generative_ai_quality","tags":[{"id":"computed_on","value":"feedback"},{"id":"field_type","value":"subscription"}],"threshold_violation":"N/A"},{"id":"pii_input","name":"Input data PII","value":0,"upper_limit":0,"breach_status":"GREEN","href":"https://aiopenscale.cloud.ibm.com/aiopenscale/insights/4044245a-8359-4fb2-a8c4-97dff65c737a/generative_ai_quality","tags":[{"id":"computed_on","value":"feedback"},{"id":"field_type","value":"subscription"}],"threshold_violation":"N/A"},{"id":"rouge1","name":"ROUGE-1","value":0.875,"lower_limit":0.8,"breach_status":"GREEN","href":"https://aiopenscale.cloud.ibm.com/aiopenscale/insights/4044245a-8359-4fb2-a8c4-97dff65c737a/generative_ai_quality","tags":[{"id":"computed_on","value":"feedback"},{"id":"field_type","value":"subscription"}],"threshold_violation":"N/A"}],"records_evaluated":10,"href":"https://aiopenscale.cloud.ibm.com/aiopenscale/insights/4044245a-8359-4fb2-a8c4-97dff65c737a/generative_ai_quality","type":"system","evaluation_timestamp":"2024-02-29T08:04:47.522138Z","sources":[{"id":"evaluation_summary","type":"evaluation_summary","data":[{"computed_on":"feedback","properties":{"records_evaluated":10}}]}],"evaluation_details":{"evaluated_by":"IBMid-6940001RPM","evaluation_date":"2024-02-29T08:04:21.367000Z","evaluation_id":"467308a0-2860-412c-94a5-105dbef0a6fe","asset":{"name":"auto_insurance_claim_summarization_test_data.csv","type":"CSV"}}}}],"modelentry_information":{"lmid":"819d96cd-1347-429b-87da-6ac8c1d5d401:c98af59b-e28b-4fb5-801b-b898eedee8cb"}},"modelfacts_user":{}},"attachments":[{"id":"c958c182-9f1e-4dcf-b587-82118f6571c4","version":2,"asset_type":"wx_prompt","name":"AutoInsuranceClaimSummarization.json","mime":"application/json","datasource_type":"193a97c1-4475-4a19-b90c-295c4fdc6517","object_key":"wx_prompt/AutoInsuranceClaimSummarization__da__qald6toign.json","creator_id":"iam-ServiceId-f49c5558-c247-4983-a04f-7d3c7a3d55da","create_time":1709172473174,"size":526,"is_remote":false,"is_managed":false,"is_referenced":true,"is_object_key_read_only":false,"is_user_provided_path_key":true,"transfer_complete":true,"is_partitioned":false,"complete_time_ticks":1709172473174,"user_data":{},"test_doc":0,"handle":{"bucket":"project01autoinsuranceclaimsummar-donotdelete-pr-fitjebsqxdwstj","location":"us-south","type":"bluemix_cos","key":"wx_prompt/AutoInsuranceClaimSummarization__da__qald6toign.json","upload_id":"done","max_part_num":1},"usage":{"access_count":0,"last_accessor_id":"iam-ServiceId-f49c5558-c247-4983-a04f-7d3c7a3d55da","last_access_time":1709172473174}}]}
